Asset_A,Asset_B,Asset_C
0.007950712295168489,0.028187108731720045,-0.013794672294948088
-0.0015739645175677699,0.018692673658255377,0.0025205183785720064
0.010215328071510387,0.0013926073984034826,-0.034153350938058206
0.02334544784612038,-0.012738735554111478,0.02895589041221149
-0.0030123006208500397,0.014164466272271801,-0.04374574747093895
-0.003012054354237708,0.008069707708434994,0.022763090264827285
0.024188192232610872,0.018103864400554646,0.01796494431915036
0.012011520937293631,0.01290343603363939,-0.0317101123039114
-0.006542115789024281,0.0211910543063867,0.0013652859829618095
0.00863840065378947,-0.01050470423121136,-0.014580405389005461
-0.006451265392186933,0.026547881312686514,-0.05523767270918959
-0.0064859463035538524,0.004151992093847993,-0.011612326700115755
0.004129434073490512,0.041705217452505314,0.02486973830018181
-0.028199203669866967,-0.013583756361791358,0.003261974273142125
-0.02537376748769549,0.034919276063304985,0.00985851537605275
-0.00793431293861459,0.004158215669252956,-0.03624663340425695
-0.014692466805016357,-0.012828360072288967,-0.009452872641416763
0.005213709988929108,-0.009477716681086431,-0.01197404277243806
-0.013120361132818167,-0.006206946163886403,-0.005795420248368019
-0.020684555520029374,0.008683318928038329,-0.011244569273723394
0.02248473153382331,0.010656709760709992,-0.03760443194256246
-0.0028866445072980346,-0.01127400007877158,0.02715791404202596
0.0015129230703188575,-0.0002870918452196568,0.01801195460053541
-0.02087122279320185,0.043045407172237274,-0.00039539923302387916
-0.007665740867877739,0.03475086340201423,0.020637918105594483
0.0021638388456479913,0.008926473393480641,0.014987614059432918
-0.01676490366133454,0.0009600695633640058,0.0019225871052550817
0.006135470275185079,0.002600626534365226,0.004795128022852302
-0.008509580348782074,0.012470359454608332,-0.0030095377070377756
-0.0038754062468991514,-0.020255851303968113,-0.05518826942822641
-0.008525599183440953,-0.004947530748466903,-0.01885539624464459
0.028284172767634067,-0.0331716814775518,0.02801842021718347
0.0002975416289309913,0.008184462452105586,0.020983927448829744
-0.015365663934338499,0.013143918794054821,-0.004402919100368289
0.012838173681547835,-0.009463729245987478,-0.022684478324294027
-0.017812654749565334,0.03167973526580065,0.019202103257272677
0.003632953925071331,-0.024315313260046822,-0.01349964948269968
-0.028895051858196633,-0.0290874976041964,0.00432019828438359
-0.019422790733476455,0.00468903637119944,-0.011142664680392772
0.0034529185380368526,0.02114196605224309,-0.03255898500411593
0.011576998699931156,0.03387855382915737,-0.006734414707278771
0.0030705242178495572,-0.0089776852573788,0.06645289435130879
-0.0012347242358236078,0.021773616668625914,-0.00012200628594286555
-0.004016555433839331,-0.0005701693900141442,0.03697409719812899
-0.02167782985551141,-0.003252545998816393,0.011229095882501835
-0.010297663125920628,0.01787319874973345,-0.004058389794930917
-0.006409581564396812,0.013246457568268392,0.0015124944467205701
0.016356833393283737,-0.03132784313968499,0.037409439580645756
0.005654274343526921,0.029730806994517914,0.003418697663913899
-0.02594560233044101,0.02780182708294903,-0.06759497209274162
0.005361259540921925,-0.012311254030190589,-0.004360627404971703
-0.005276234206244748,0.008116070668748181,-0.013626341835571125
-0.009653830004589381,0.010080603725654776,0.0006776035711201945
0.009675144332613019,0.005413475316478142,-0.005043679344131773
0.015964992837439265,-0.010806103076908402,-0.008111658850042162
0.014469201786742977,-0.01323246735876103,0.005163327246140819
-0.012088262848339578,-0.0003110814198289056,0.006970993136269983
-0.004138185637768218,0.023654580385187293,-0.016839483628775274
0.005468951471053459,0.011072003091888646,-0.0035908860142848152
0.015133176906835388,-0.007212286641722119,0.005508821989674132
-0.006687613567679349,0.015633974212966896,-0.00832079598480896
-0.0022848846499572565,-0.05677085241260151,0.0009046289541645347
-0.016095024610090422,0.02317531400744207,0.04009663869368915
-0.017443099361210062,-0.034594275575561995,0.02183299500275539
0.01268788733591297,-0.007048818828062643,-0.02614388541898595
0.020843600428562342,-0.02219339789252288,-0.006730268822915584
-0.0005801518237050076,-0.02569362951441811,-0.0065455687831094045
0.015552993468380362,0.023416535747570383,0.0011359910148342621
0.005924540375714512,-0.009154024026237828,0.07681514665038407
-0.009176796319076863,0.007130077634614315,0.0034582471951920286
0.005920934082626209,-0.0007384115775836814,0.00863575558107682
0.023570548496989537,0.00974081654446243,-0.0026918369477317424
-3.7390586649272935e-05,0.0017364378212051071,0.026407278941305574
0.02396965483721009,-0.025459844483771393,0.008297991090422995
-0.038796176561346166,0.020125336388942802,-0.005874576482344521
0.012828537565628358,-0.00967513166322625,0.013545313642528414
0.00180570602357257,-0.030931637973195023,-0.01953490044302097
-0.003985110256988018,-0.00836230321931825,0.007483368619366024
0.0018764116480325345,0.030215195812686217,-0.008536608592468988
-0.02931353371901339,0.01720443484226986,-0.013542316486793913
-0.0027950783175626787,-0.006773042688157184,0.016067633215421026
0.005856688572676196,-0.006785154086368576,-0.0587756591155884
0.02266841067112274,-0.006232701024347653,-0.025717932483875827
-0.00727405327410471,0.04173495967121682,0.017889661511217785
-0.011627404043397814,0.007838709044631067,-0.01812765743079002
-0.007026355653768048,0.008800832943821392,-0.029419290168247382
0.014231031765531112,0.020805669080636843,-0.005983725662033403
0.005431266644895267,0.0049757831805302705,-0.01603350568219138
-0.007446403056505582,-0.004980842916414063,0.030941478896033305
0.008199011496700341,-0.0037269969816995656,0.01757265437333623
0.001956163240220606,-0.0012320251882812791,-0.00240730266944726
0.015029674857993338,-0.0005444447301968319,-0.012485259110954593
-0.010030796408160285,0.014752590872739597,0.008622158495718173
-0.004414932198966523,0.0012389177161459886,0.00841889044096553
-0.005381622296982364,0.014852801544311584,0.03989931383668065
-0.021452724221981776,-0.0014143316021716463,-0.01577342793822259
0.004941804155968641,0.0017727038063218119,-0.03083696071279872
0.00441582908269834,-0.039764013690642155,0.06912271893021844
0.0005767018496369136,0.01852655349404963,-0.03481696157118682
-0.003018807000627211,0.007129769517959854,0.018293051676575894
-0.020730561130756213,0.020160202197193045,-0.0451079685508067
-0.005809679841480385,-0.057725107563873786,0.014113957481693822
-0.004640717747901542,0.04196749409561455,0.0173839044827249
-0.011534159038324283,-0.002591792563103475,0.0697503899267292
-0.0019192856749901369,0.02236365633475033,0.0026899414723660564
0.006560762852218076,-0.02059811854251062,0.012321737756666857
0.02879278851815795,0.012455478101251393,0.027094748431273786
0.003118667192477584,-0.020868311263473122,0.014721788194600861
0.00436325586084146,-0.012275379213916103,0.016554209141528477
-0.0006166887364925065,0.038480627077335725,0.01543703094338465
-0.02828156822948562,-0.0036136480152669315,0.004084099618047497
0.00010229186826174686,0.004548657463594457,-0.00624543325950152
0.0014034531491153965,0.01760135461377508,-0.017872551435508324
0.03744863168727929,0.01011363775945209,0.01537339245673008
-0.0023854144717168377,0.0032083781028715255,0.00021310806116254204
0.005023210135004187,0.007499220049324502,0.011491396976869822
-2.0676545578649644e-05,0.048268311704765504,-0.005660976992688176
-0.01703017056429298,-0.0009523759406717078,-0.0007064032969397681
0.01764234221772531,0.00422198093429935,0.014563751279702126
0.011778995490301612,0.02121308792015224,0.035623696425471606
0.012365479205645704,0.022310518659159676,0.012376463323924065
-0.013140811821921084,0.023940606111207602,-0.021686487452489276
0.021541914664041487,0.012974604440583692,-0.01347923221720559
-0.020527765941884213,-0.02266009825460967,0.005884930551933072
0.009302856407004054,0.03286863064602192,0.02618066641843527
0.033356834387149675,-0.02272690786037376,0.00210303234013534
-0.014358044876960324,0.006252709304780665,-0.03836535311607342
-0.007994465944041578,-0.014885517000387158,0.03544161228391201
0.0019947704763146183,-0.0010827669318598525,-0.024967394801697854
-0.007052134811742988,0.006775248206069615,-0.008791860198657114
-0.02275995146599199,0.006627144309005462,0.0029282626833041056
0.00152844462209041,0.008638415084705696,-0.019043561966679133
-0.015434555705891573,0.03247422538117294,-0.007094874347210678
0.007603886459527724,0.009270686030279597,-0.009572850849028595
-0.01329136351350705,-0.004683132705812975,-0.00881831634378034
0.023749016075263096,0.019481743365767152,-0.031647193046652124
-0.011248799385043556,0.02398940977849281,-0.025997771021711195
-0.004330922743085133,-0.02435215630273985,-0.019348202160242772
0.012702758260545045,0.012148001396997161,-0.018843074637798343
-0.017962964746509328,0.014223454846217967,0.010108745026095309
0.003911899019061941,-0.00575127006719984,-0.002979427901098324
0.02010714131423642,0.027714136266232394,0.01879623635024017
-0.02361224851841841,-0.0028011117406505433,-0.04923896366348167
0.003269507877984563,0.0027115290694308524,0.013168343016315419
0.004398241913726352,-0.0032614364856773923,0.00613197099122583
0.01222734307665965,0.0005115809516293507,0.004111534593617799
-0.01805426066317123,-0.021725501737904038,0.02297640775145229
-0.019306849196264145,-0.02860101765188589,-0.0038028753526295417
0.008329123484253464,0.032090101264499446,-0.0011350572405882198
0.0049547700984977905,-0.016739226966366556,0.008666689381828472
0.0042573927551881495,-0.019627846989126143,-0.0027557453324020616
0.005696723142454637,-0.0428678022720743,0.004774948628167077
-0.009700370823677362,-0.012579234953790047,-0.031185548167631742
0.003983805457415053,-0.026261795868149973,-0.0028449833323920593
0.004896087099480219,0.033040303202727384,0.012205636305824627
-0.010215271270395516,0.020396341786852682,0.016020363890704655
0.028486617667171348,-0.013563006903554475,-0.007577775542802317
0.0076074938136768125,0.045248716106886175,-0.007265548464090103
-0.017369552458039728,0.019835309739831886,0.004362256345138546
0.010348304129507446,-0.006296627670172449,0.00896681951203602
-0.014120225053409822,-0.04978811429747145,0.009473831190961061
0.012306269056136781,0.04601885145181483,0.01897316691192972
0.01787893368511106,-0.027591449335271922,0.001005604857546692
-0.011810234775275657,-0.03270797493913784,0.02153835446630262
0.014950641938664827,0.020651408640192805,-0.018376782053836044
0.006691713904047474,0.048995048126785457,0.024184111164573727
0.01283090239991735,0.027885456370210365,0.031000004305784763
0.02895189473980921,0.011478182401047192,-0.05019288653419179
-0.003180821740043057,0.01209508683330572,0.023053564581600974
-0.010806042465362342,0.017268311175606156,0.00039899789572896713
-0.012842716444382849,0.015378571795735303,0.03867337543301811
-0.011737154274481574,0.005823828479387516,-0.0070479279021332525
-0.0006565256412115617,0.0022840220790375215,0.009318140262920275
0.005617279622249652,-0.0010518625579904483,0.010954139806729572
0.004650361989950285,-0.014879291777333525,-0.054303172021376155
0.012907748735540356,-0.005413501537335481,0.009111771349969915
0.0006950283781686053,-0.03365913628390771,0.01855975947567707
0.02230301115735975,-0.0017667925358949978,-0.029166227246076638
-0.003469852498569341,-0.019571822143018353,-0.03261654785568028
0.04130253749884428,-0.021871786344315424,0.0005051570751888022
0.009885010216475093,0.003797883023069569,0.01145729595080902
-0.012357363346244238,0.028040045726891987,0.026684506059474703
-0.015563387470916684,0.018566332120046266,-0.028852096572072865
0.007737086228647779,-0.03121001207246355,0.010769971443855357
-0.0028519417798877626,-0.019592562731406752,0.020576420248360622
0.011210007411381378,0.019015423759764317,0.009436557701175538
0.007598564368603173,-0.01944974787076619,-0.011750079206267361
-0.0005924336898530916,-0.004292662999940492,0.02317070904270008
-0.012201905771026074,0.011201041980491037,-0.01036783975320578
-0.022222708370287968,-0.019166889097272707,0.01963870224657252
-0.006197724281005316,0.0023075101229191983,-0.025285423424437785
0.013345981914852085,-0.02648050989836409,0.021079646313794373
0.0037114061619530595,-0.011827352879024276,-0.01904643409757052
-0.018186081680679818,0.00659563868285074,-0.009018565358547089
0.0030977138877677298,-0.03165987467063339,-0.015252825306950789
0.006279760695932552,0.00900949475920798,-0.002135853998548239
-0.012757861543016995,-0.0001927559785336245,-0.005725814158215679
0.0028058765891829187,0.01124979908834296,-0.0009535170819218945
0.0013731307766899985,0.004678282681293229,0.020776366831672922
-0.016644554467459344,0.027482808599476886,0.023635726545750482
0.005866810405224249,0.0027044900529581456,-0.00039387343197152316
0.008911767895523516,-0.00838811082250506,-0.0026401639833843684
0.016745768647629156,0.002645950060645677,-0.015871398442558183
0.016307030780523545,0.011065960580727766,-0.0036233408265535947
-0.020165040519356366,0.0011772014065140866,-0.010746751489935414
-0.013567375598726842,0.0010118338240776477,-0.015405334572411987
0.008225529008129897,-0.013839833756135112,0.022278412882628114
0.008206789263683132,-0.013058018351018968,-0.03711507819864564
0.008225715294590716,-0.02785210543599387,-0.027960293056130167
0.05829097235982081,0.035191534863738785,0.015416567142284223
0.009063357660397505,-0.0246772647078257,-0.019986850816448683
0.017533484602708982,-0.013658103955918146,0.025534902782094637
0.014810026452398034,-0.014168145311383948,0.022303771213249148
0.01027086876958697,0.018098487538888826,0.010882355921158835
-0.004229038669605183,-0.005698993565840556,-0.022822177226365703
0.011884538307399007,0.02515484145347468,0.00963498355951222
-0.011092378218063576,-0.01326981248487737,0.0078055009279413955
-0.003052279101100133,0.00577988324447604,0.02675099762462987
-0.006780453217436552,-0.01650694106519515,0.019545359072684773
0.0017281120907948384,0.04310298255546777,-0.034461763677786084
0.03521987850010263,-0.023551968380590257,-0.017526768450524033
-0.027508977888876223,0.00639641420454055,-0.013172276866837128
0.010793902855617703,0.01287553761864197,0.01666255040436377
-0.023690738067844778,0.008475981949029964,-0.007548740173108684
-0.006578977986841502,-0.0035057531775541657,0.015030160368197208
0.016834258954510493,-0.0023964139946685233,-0.019995628329345615
0.0014642002864319415,0.001076229439582192,0.015867287366460536
-0.01566617166893959,-0.0027400400325697724,-0.009845914767105939
-0.010229555638899523,0.019477582335898195,-0.018542028928730563
0.010693966234020138,0.044410460031827026,0.014562183162950045
-0.01045549947575705,-0.010949835700156674,0.017798732122542547
0.003746878843729623,-0.02719605959158156,0.02515010295599227
0.0011835775985572065,-0.0015656409670250962,-0.054599452695886785
-0.009274005214087253,0.05179418675308636,0.026540824799228015
0.03265916133987988,-0.015873491359394615,0.017815128069806008
0.010008785334770167,0.03298233610888135,0.010025266120930996
-0.029877138799864107,0.03375401628152881,0.012846671989504767
0.0032968147215414146,-0.010871764834159891,-0.009786898194129296
-0.00942679697152582,0.011579661583705507,-0.006531940037724008
0.013286500021943358,0.03276793246257076,0.010401159039561833
-0.01138781107649051,-0.0073825548197497416,0.018466240995023694
-0.0012210466220034851,-0.0038716072020472357,0.03657315916125411
0.008074809184706856,-0.011433618278972876,0.012020962645311203
0.013486327912551822,-0.020095134613857337,-0.007788664942872338
-0.01750444610583664,-0.012785550901320141,-0.029654796222387723
-0.004517518537614226,-0.02427880533524513,0.009128612181700193
-0.0066241796674143425,0.0008816693651845213,0.018211892620913203
-0.009299938488605677,-0.01519946462117283,-0.0204922760985727
0.02698181360421645,0.004875718235814954,0.02949985291598095
0.006574725664414333,-0.030917912924072546,-0.01747551639991808
-0.018413259315025677,0.006817604644289142,0.023092534994843955
0.014267929205821641,0.016870579232178492,-0.016140086650766366
0.0323323429551895,-0.03967471285142911,-0.012173780583726004
0.015986978908267203,0.007681131396951443,0.005930820398645783
-0.0222905494893102,0.024753379849465844,0.02638657963582273
-0.0067635110929937705,-0.02399282037382411,0.055442247966177326
0.01950366723779934,0.03365144773675407,-0.021129402870816473
-0.010115041984281712,0.008580380187320904,0.018587642492779277
0.007157291422193427,-0.013900237115168178,-0.003923566514995202
0.012119510801440051,-0.0009153815531541202,-0.004631106629169742
-0.013403957073671244,0.011366538250434448,0.013415044256776018
-0.00039288034092700117,0.00172010782824823,0.005756557772087025
-0.048119010101036086,0.010975119848927383,0.004042091257184017
-0.014865814620014347,-0.018213471861587324,0.024951507213969076
-0.0032885222708974042,0.00358721648072156,-0.01071001499009984
-0.01821674772947274,-0.028074289938099604,0.00633007542129195
0.02498616955897453,-0.0020245212269740065,-0.0052967316675820416
-0.02095212066940949,-0.017878152829295797,-0.01727973517768805
-0.006100667300454756,-0.014510598851795332,-0.010560524533841828
0.0024611086592913702,0.024921863504208747,-0.040323931015365154
0.02211909933599173,0.02202620241188538,-0.03766417375673392
-0.02103793226769159,0.012382762418143541,-0.009296165090295827
0.017947456282324394,-0.02164625529345158,-0.008096919405526941
0.0006534959152938057,-0.006128168993896038,-0.006312680204012722
-0.014222629765719263,0.024461953999583667,-0.0005982774183821505
0.007431552113949061,0.003034338272798095,0.02429021266806874
0.0034858954336020502,0.046586590799633884,0.001942122773063663
-0.00850325315738192,0.008066356787887438,-0.021049049667113687
0.0015470312748502829,0.0040409823298006315,-0.00198544339510945
-0.0052797039529263986,-0.005982329284050028,-0.09196482999975016
0.0022027601787687197,0.0028708180956456384,0.02744112629856699
0.010431960117815695,-0.0028493967276108697,-0.005849602389607265
0.02429025224218028,0.014362173533771809,-0.0037897598847803794
-0.018067232482402735,0.019334046335891683,0.034869679174869016
0.032495500619844,-0.01551978921015899,0.025488680679478085
-0.02878131699283753,-0.02642465907115556,-0.0034528404823874525
-0.0017767764255337485,-0.036524107462065934,0.034702391580142364
0.009324758097268642,0.010359826538250873,0.009594521732763027
0.0047148780160254904,-0.02186733212347747,0.046890123609640254
-0.008840492797308908,-0.04285781185904966,-0.030266004771893028
-0.00262183375535913,0.007971572090619283,0.007345107275217683
-0.006895014019882496,0.05005999034865581,-0.024034561848690884
-0.008340471354163177,7.858176920213353e-05,-0.0077705531265104405
0.013244031455315374,0.016969815489032838,0.0014304730111801356
0.00585523228947571,0.0018365871709513002,0.030023276478046073
-0.009893643928909812,-0.0017777930638228534,0.0036134850960963154
0.01399399813149876,0.01858152965975537,-0.008478916505898684
0.00510949281314914,-0.005605490883773027,-0.017648298659117777
0.012692931782584401,0.005547846281438059,-0.02412184078314453
0.009944432628854184,0.006633956123920272,0.0053837814018076
-0.011934925163831087,-0.013161809072860976,-0.010325340011360555
-0.007902715602954545,0.020040846990730457,-0.015348436225483089
0.011709404076848926,-0.0032991951339081727,-0.024227813709715038
0.009655553981501972,-0.014914903189856894,-0.000705976704935561
0.00018647609053777805,0.01093019687140807,-0.00982024819791702
0.00225991074963173,-0.017769359635820745,0.04790147684994365
0.019664973436826372,0.000763623147382565,0.03552775296901107
-0.008373570832537449,1.762006711592913e-05,-0.01638444820171187
0.008706460717550565,0.021917911316631563,0.005896950536763661
-0.0025328897865084096,0.009693964657599056,0.00032094790691559837
-0.0027652180484083054,-0.00030053917490287837,-0.0007679915780777135
0.016981652779807854,0.01655532598400574,0.007581645234469422
0.012881245234820447,0.028004150980346268,-0.013469225784507483
0.012702644540009578,0.011356206127037244,0.03682297647112021
0.020082182107314935,0.00040705239686761216,-0.010723617516994677
0.0008150576244913857,-0.02603672464700319,0.014324679621518337
0.010729294569424458,-0.021102273261507452,0.0015541957120858779
-0.004154001348901841,-0.005904494087093353,-0.023930885315864764
0.005362495287326631,-0.011990244043185664,0.0019458041088127476
-0.0014521458155152688,-0.00353942605970892,0.02820607261720867
0.0019549394748907727,0.0013329984979421432,0.020976476201182655
0.009427355381553704,0.010793855087134617,0.005683739740735301
-0.011773310248502087,-0.0012099755611818244,0.028633466277578092
0.031885809135281905,0.00993003287652404,-0.0573035443394911
-0.01459026072249553,0.0014894882962024048,-0.009089658182889928
-0.017712829191815983,-0.039309331327077424,-0.01988292193125445
0.017871663102501018,-0.018586707876375088,-0.02282274958530505
0.012374940409444037,-0.0026817511144323096,0.010597131459867307
0.009861797255782326,-0.023993894856822153,-0.023766494949343558
0.009925182638964199,0.01219857459992409,0.024827000270289327
0.00031629840729628065,0.030815016646873947,0.038701686971151936
-0.012958815572287473,0.024575237033946335,0.017070334806256027
0.001637068372905895,-0.00406885741860416,-0.016982856446345274
-0.009657425672681675,0.03001452273699904,-0.03231206842300466
0.015126796001266266,0.0031733491440422345,-0.011224765160664422
-0.0017058607225320798,-0.006541719422360794,-0.06986592017517798
-0.011882457951887672,-0.012068053270818795,0.037692093356672535
-0.004320787624794901,-0.005849393729762567,-0.012721261344048728
0.0066939718141343675,-0.007563536370824575,-0.008847484681357144
-0.007955868292059624,0.003608324447509754,0.03714569592977475
-0.011833305933496472,0.003411479620997292,-0.01566005006362515
0.004155308172378684,0.0002609204030682894,0.01705369392328068
0.004174498566630842,0.008938763394926998,0.045237076909439074
-0.007104147630566946,0.02401292549572683,-0.012731950606156825
-0.006565574584274841,0.019191082708826475,-0.003091489164965257
0.0039807490603645445,-0.029497959368998072,-0.0008028954680974303
-0.02122126512245986,-0.0508784226980391,-0.004195813666864476
-0.020611956615648328,0.018886398224785474,-0.021807039106082008
-0.010276663318786539,-0.02713757396830842,0.026233534771741677
-0.0027017072756777088,-0.004295308037853671,-0.04844610029905553
0.005163613483970069,-0.02320226052118719,-0.007758299592740254
0.02263034325424328,-0.035839608751600395,-0.0016536723290815135
0.01336489434803029,0.01102925456409576,-0.006985036985515512
-0.0018990779494514065,0.015383103206052937,0.008367639598769589
0.00021475688145966757,-0.011330208014534389,-0.04290255986058865
-0.014537940469567133,-0.0516208458428982,0.0038879167231204424
0.00022230296011415147,-0.010724888965049655,-0.0645815671990417
-0.003829879583802068,0.00803608010805093,0.0034020026878717894
0.005340778405071342,-0.029378231375482573,-0.006031795499630982
-0.011908464153284844,0.0038671983955831124,0.008146192590725099
0.008290197713617584,-0.00010619698345991115,-0.010328990931035167
0.023491083695038665,0.011785829992021768,-0.02892800840111109
-0.0011314022268528639,0.002591607368283065,0.005901177509428934
0.006525675831484122,-0.01926137881763111,-0.010003881232825427
0.010852159875666687,0.024131430033289828,0.05007629201689812
-0.005518307078287544,-0.0029705914605394003,-0.004058960237618867
0.0038613872271562513,-0.0003460907901986372,0.007462816884066489
0.0006888860117269229,-0.01846535918146392,-0.02631368578247367
0.001965141478232476,-0.008665645023830207,-0.026194769641764405
-0.011095146757831997,-0.01749605428053802,0.008024093447651792
0.0008676526138841405,-0.0032589211984684605,0.0037702571833432125
0.007969974368681743,0.03443416960284688,0.03682505139935143
0.022267154116925626,-0.02723802285862713,-0.007814598490652679
0.014889062391278102,-0.03207122795753482,-0.005013906360019356
0.03279773686267334,0.02962340654987217,0.02274118246987491
-0.011010213443320743,-0.0039864735430373225,0.016019289591897697
0.013584809550810172,-0.013181454773198332,-0.00044017249837165494
0.003250130086075276,0.02099809374792153,0.033335763979530406
0.03334704399826508,-0.011912310794737282,-0.0012962245472316113
-0.011624474280327271,0.03672019427093873,0.04475356295133162
-0.01209582763271164,0.013758517426785381,-0.0017715882959757805
-0.008490889681660332,-0.009558228162914054,0.0019594036915378307
-0.0313584358646471,0.04334616426531007,-0.012284325538624831
-0.007386325325211415,-0.011914298460066768,0.015149319309039982
-0.010886989923305468,0.01504190744018614,0.024186378588551122
0.0027559067971431143,0.006185851608129839,-0.00711449656048214
0.005626339636657391,0.026234825787975962,0.007279226012099557
0.02864256258823829,0.03143022393453705,-0.01782715203056299
0.014756357572790754,0.0008400829813153325,0.0124251669882541
-0.008153554834936046,-0.014868357406923669,-0.008794842511209027
-0.012976220070225369,0.00939944285878233,-0.0018147633647767891
0.007878787572597586,-0.013354307395042123,0.0023434684349264313
-0.01930349810530963,0.04046774495053246,0.0019961137083844577
0.027971881487815306,0.002930706621654749,-0.009140671993899856
0.018191601810819306,-0.007106431026242174,-0.02062039593825365
-0.006537634781570572,0.003893606117298168,-0.02982348843776597
-0.02519701793636317,-0.02674252579059393,0.010694558143092937
0.020808085612481198,-0.01923228077021303,-0.011797538945044511
-0.0012180976787892683,0.024208278158888506,0.007477789404660334
0.019067244679601927,-0.012937885579427915,0.016062319434370913
-0.023416414881915506,-0.02073821965363879,-0.002939061922808434
-0.008490625344306594,0.010933055050545724,0.01896978788055257
0.0005786554957727475,0.02391408309325994,-0.06647518498310204
0.0012047089064711309,0.014579066213301335,0.05521740562114234
-0.006250982072188654,0.020120953716116326,0.02361386160042261
0.009842748985212481,-0.014935901771389216,-0.0033261229240650974
-0.015514306440738914,-0.028236213334836877,-0.05585848453652733
-0.0016356922753194023,0.030226673039109735,0.045342032111444705
0.002304434475678483,-0.006253596776842715,-0.019447855926219948
0.008216582510881235,-0.004816660329100947,-0.004648231362096827
0.011174223171333344,0.02676388283698116,-0.03530800593854018
-0.016369631377568035,0.0113246001880132,0.0075768600057429004
-0.022511712561034333,0.009317755441632153,-0.024580677706520608
0.019665152328477636,0.04350004689802168,0.04696011636468824
0.005484710179693875,-0.01267036460760286,0.010154868336478851
-0.010727298048348304,0.018756802561624743,-0.014082365430766394
0.023767279632837843,0.0013402624979416918,-0.0816972173613714
0.00223511951439288,0.005571845577265148,0.02115292732426683
0.018189457760957397,0.030769368528250633,0.0034228467196110906
0.0015127772211516342,0.010356715125792474,0.026251939053087744
0.031411218873229806,0.010965921580992658,-0.02474984683441608
0.026830112636648064,0.021650146746196045,0.013892382965926405
-0.0032344622271861024,-0.007099054590857707,0.015348957432595671
0.015073564264315331,-0.01658419334678013,0.01063183708251198
0.010180639243777214,-0.02069618388042067,0.00852171560445272
0.02102947336298523,-0.03912713178752004,0.02548959798359079
-0.013973851908701566,0.04132414259880644,-0.015539456370149652
0.010790771899976589,-0.021864167314433663,-0.012080778841116302
0.016376367302743815,-0.00422507247171544,0.009002127539733168
-0.025881092296346712,-0.0053362659977784135,-0.006396804402440076
-0.017248877689986626,0.0063481339561820135,-0.042698715118453
-0.030088482666401507,0.01651474425078593,-0.010007619822226869
-0.0035411025166683647,0.01740946976719491,0.04763481986173937
0.01126313383693943,-0.01146154877137877,-0.015701466982727487
0.02303535578144042,-0.00314243427572823,0.02612699031507637
0.0016114217062966278,0.005851599009765993,0.0003229629224728019
0.024929233183569377,-0.004773822523670941,0.03416382098746457
-0.02020152187322337,0.032346911520399854,-0.0047574225228852645
-0.02505073659032732,0.010019499032765026,-0.03481015289736426
-0.0003332154834492816,0.01489755572099635,0.002923458208539403
0.006260981734089609,0.013457625373348254,0.0026117298059667397
9.578778588603365e-06,0.0236694771497065,-0.02437292827050858
-0.030511631500598147,0.0038204311740741392,0.0009114009342358822
-0.000836800592691826,-0.02573663895911693,-0.03582324096004414
-0.0190670425075728,0.008193759035052832,-0.010044437929923072
0.010545088232450577,-0.012827137875836581,0.004462678701856058
0.0059989736914527235,-0.010372333634995137,0.026521811106228924
-0.013598196794910328,0.011927280375101865,-0.009756836944163346
-0.007208003760050403,0.024965661428672715,0.0024275363398785755
-0.015388202828334273,0.000625431534721233,0.18448775085308675
-0.0004401864590975781,0.006376660251979276,0.03394452592561868
0.014827134807518573,0.03424429889270476,-0.014998607644610987
-0.014285890695033155,0.005015063589771366,-0.005449582826767353
0.008060697732767666,0.0522336622836079,0.003833068970702086
-0.007453864275586612,0.011510192912630883,0.009812715380654341
-0.011393092483935162,-0.03501525518311636,-0.05440747630958246
-0.0011054553993183674,0.01526683242209065,0.03393126653438838
-0.01502863483629061,0.007823167697655556,0.004725342171428168
-0.007804739580207731,0.02599505508165492,0.021229091283537758
-0.017468168388832726,0.01366362702539917,0.03718073268828928
0.02997087699374584,-0.0025691196796754764,0.011011461242486384
0.0010289532795759292,-0.024285964725787316,-0.039397797619872686
-0.00999588261988878,-0.003980465145720504,0.004140696439075294
0.003709698661013329,-0.016810409084185997,-0.011458403049341212
-0.0011849207453624444,-0.011410468996094453,-0.013790792477661771
-0.0028145439929983386,0.011971568088412193,-0.02477327463392508
0.009712500500651379,0.033598090087028125,-0.016447511591420546
0.011862615650709576,0.008093430596459622,-0.012405312106292345
-0.007457517214157911,-0.023717661240703687,0.014347096069173398
-0.0081372736096702,0.009092053364402814,0.03583112107771908
-0.00362577545727466,0.02413262973291302,0.04155208452123836
-0.03402881747103377,-0.011995658086387645,-0.004568021655519854
-0.02222786593297828,-0.0024803433334583537,0.015455176320980226
0.021003114011667864,0.0004937638945839419,-0.008660927775571647
0.025174515702519253,-0.0154979662616448,-0.0021882400596978276
-0.0032355405933456745,0.013165608676877182,-0.02447339748258316
0.009148354445836495,-0.0022189629721556313,-0.005562108723334675
0.005168752318153042,0.008590648878140556,0.001035315668190832
0.04668321212682856,-0.017549843556042003,-0.035922242449708014
0.01729362367151865,-0.008549166006468208,0.02593517205623555
-0.0014187638722114979,0.014647627156555428,0.03637708982615578
-0.013833106609006387,-0.00725666304183534,0.010683067401529807
-0.023596694803863588,0.0347392770246681,-0.05974657242402208
0.0035519545380083466,-0.007792723712292047,0.03318601419084552
-0.01084526117926455,0.004693694515037718,-0.0271492122698862
-0.02083380564396511,0.0188518166374618,0.007152011830279355
-0.0091985932636379,-0.028167314658660635,0.06230388975143164
-0.015723220054215926,-0.03501617623961552,0.02616342348880269
0.025807124526088472,-0.030313126291401895,0.0019713054585558027
0.013724596354241758,0.025451682068543643,0.016616924585987375
0.0003804103802507394,-0.010837162917848935,-0.0017667881035923522
0.022699162083350394,0.05136398571336505,0.003130402427478197
0.0016605246147142745,-0.011084951973147772,0.030191711645435427
-0.012419263019923955,0.0038910260639407395,-0.01340204385170764
0.023346861159044857,0.031042199051357515,0.00947575494822672
0.00858365065526988,0.04032185776318246,-0.013369317434139659
-0.015058692314896845,0.04143007153272796,-0.046225310805918074
-0.0023550801712541227,0.024367324611862848,0.012720969457771486
-0.01263427380077136,0.02068125051622925,-0.014080797116501481
-0.020241995964465045,0.012050538984023662,0.022758353294172255
0.01439266321297462,0.015767221523332754,0.004911419602664611
0.029141249607051955,-0.010823714326570668,-0.02413997674557559
-0.020478513607287117,-0.016163977668446145,0.005897407480450253
0.008944538550358563,0.000132510851780959,-0.009071285105915683
-0.009259638536827408,-0.0032036924504985687,0.012724358770717894
-0.006806880756470443,-0.008864560986545504,-0.02174882867720254
-0.008385908863583038,0.014127748949134308,-0.022472952742059314
-0.01245986154519724,0.019306104171410217,0.022893770531929557
0.0012278244191724049,0.001968137725836947,0.023444764273561305
-0.011964251746165565,0.029750601621105235,-0.025777068695696785
0.004556852386697582,-0.0226337822826701,-0.016648087779042236
-0.00025357164173705425,-0.0036731891855943622,0.026991992038988978
-0.003084220702996146,-0.0141364464120561,0.02532552848924222
-0.013113454930623969,-0.0371307323414612,-0.01399581390531398
-0.008151569958524991,-0.001453613716853985,0.018686201655841513
0.01183086838738634,-0.0022349501676656707,0.01080367621796049
0.008013757814365712,0.03046899486484262,0.006822147433938141
-0.014163328671978266,0.01281623369109555,-0.006911701215642273
0.001989984581438388,-0.0202837364865841,-0.0015601808133790726
0.011770806850576835,0.03728185132668377,-0.030550320268312774
-0.024541079216820576,0.024620673910507058,0.0628474598132545
0.008650402885699026,0.011841954069372315,-0.01218379971204595
-0.0094393563841877,-0.004329681976996637,-0.007005166457621993
0.00905898002889739,-0.01898878473446959,0.0021096250311526308
-0.010948887348137752,-0.007244135521421058,-0.04018428792653146
-0.026573231509967786,0.021974972394083716,0.008866504548520506
-0.02391313656824744,0.037891726118692175,0.016684260088395974
0.00122127419992073,0.031064870565443777,-0.03261533158152537
0.004395837525822228,-0.009576988435725482,0.0011743082164622852
-0.013064749376566128,-0.022192348665780223,-0.024798752844853167
0.010078886881660608,0.003017724938224079,-0.012963278404169607
-0.024422800934034396,-0.035168787311257034,0.027181056750650714
-0.0004911969797097485,0.006663354283695629,0.009123171725060279
-0.017665242996436847,-0.0027520517259733736,-0.004406218699214874
-0.009277541617032387,-0.009120730037364844,-0.0408779881421041
0.0012109800697462103,-0.03169406134533591,0.0004883124527081348
-0.012406200479259286,0.01047200213139433,0.02070636249882377
-0.00526833316344738,-0.010454016793238229,-0.05992672648181483
0.015594392138216607,-0.02319833671420576,-0.03545859431324773
-0.00815337804284723,-0.05724524426563299,0.003016162513880393
0.013035381680977128,-0.0003502981010127251,0.021243307206525393
-0.01644560281986427,0.03564503193339488,-0.008753475382538447
0.008447062668729242,0.0334251842909574,-0.01649428805134008
0.022123529309868505,-0.008941925131725438,0.027420759920296175
-0.03657466750190934,-0.01184424120723561,-9.748049247225053e-05
-0.011453428832057152,0.009575485121500476,-0.07614043371402181
0.0091560819077081,-0.01976770878376583,-0.00032101243958720975
-0.00254568079064489,0.006235837996389319,-0.007123439563163321
0.006067188100569632,0.015521605567693806,-0.018707740393658714
-0.008559777800737309,0.02473866447768615,0.03031086171042406
0.0017988468120934988,-0.0018030815295990556,0.0010361833046231832
-0.001835158530881192,-0.0038734750035393176,0.004408207471056027
0.01801673092489711,-0.01735965173513122,0.024788054290719397
0.004316312649518196,-0.016337607080797203,0.023727075397338104
0.005564039931128032,-0.004329577838030535,-0.010109395952102704
-0.005678154491837011,0.007547310136323562,-0.01947549936048065
-0.006814093361087403,0.01847169252466499,-0.04963510114427089
-0.0059883728172943134,-0.015863579013606896,0.001523699040613657
0.006416782135674453,0.030053771379190436,-0.004707650607462328
-0.005814767212303945,-0.005222472020851376,0.011877913865040847
0.004846622853446193,-0.00022734588696872313,-0.02418485804172945
0.03163101197968157,-0.014744233582956469,0.0063557327938415795
0.013566870551475384,-0.04828480520545883,0.02249351414661628
-0.004390352982517617,0.017880907927220996,0.005001250582564725
0.018518208832459172,0.014936877941848668,0.00031018568935005576
-0.005621130595323271,-0.005426551142364268,0.018667758497547034
-0.030071868027667807,0.0015398143444974384,-0.0027517692021652713
-0.01462129466376106,0.01051878435408199,0.010744476475270477
-0.027561878815387835,-0.031050917137730855,-0.021491797378633416
-0.004772702260619629,-0.010381053546925896,0.006495786555923893
0.0007762756878432755,0.01608529359243654,-0.038008204629960275
0.02564655968412924,-0.02488578846338499,0.01971963617729041
0.00540391060646244,0.006071158643332586,-0.03945375983234968
-0.0027865079321329634,-0.0269316360924681,0.002395515162178103
0.012941083717752338,0.009528599648670527,0.007821549477131534
-0.03266702963511828,-0.0005128296459496714,-0.050339708224116805
0.004034218371628489,-0.03210263631811019,-0.019487681610541246
0.012062977908304502,0.02349478708914343,0.025284261687318912
-0.02167879368669762,-0.01449183153596098,0.01872612081885725
0.017656310648103937,-0.016005048740287617,-0.00923542442538507
0.0055774461124162115,0.004211383944618857,0.0028737674068221534
-0.005729318708512019,0.023172746988574303,0.04393818059490137
0.009991727991594273,-0.02011643637956794,-0.009402192525990552
0.034560392867065935,0.001433596996959433,-0.001939731653905848
0.0032279938258774274,0.008776330006611458,0.011956691415702504
0.004223308794505041,0.014062112145262881,0.019485601431324127
-0.006390413493103661,0.003728831105544504,0.015267340907691614
-0.012247665541971877,-0.007140556781666446,0.012970788966447737
0.012955037248163683,-0.016351804412974395,0.001831548236848659
-0.012341257388633007,0.0019228776609274952,-0.004525457492155932
0.001573493558290887,-0.02124278023971214,0.0026302756982535965
-0.00666486170147675,-0.058227009669892145,0.0013115488442802501
0.00768469738619588,0.008931196083153356,0.02700165921755379
0.005504931579304226,0.018278696821723905,-0.010101054165707718
0.01606309916386849,-0.047058648710836766,0.01702366419138132
-0.007150245982821207,-0.01999461409419875,0.006025917741268875
-0.0035481240294005685,0.012583085220103955,0.020408823221028456
-0.01418145573673461,0.041349909394233976,0.0016359163913802802
-0.006164398901141671,0.0006158741535081578,-0.02573233244435755
0.006159507395672779,-0.014360058824582685,0.0271742889467767
0.011854829249680277,-0.0034579288220968033,0.008535613792583427
-0.01333247986266438,0.027697528382963698,-0.04819854999650537
0.013544088801584902,-0.012719283582490706,0.02155578805314178
0.020834567882074263,-0.015783840133005073,-0.021923523672168984
0.006701523548355513,-0.00945487044364065,-0.0034303883739226775
0.028651937188370988,-0.018866572165174247,-0.017228749898434762
-0.011106837986553595,0.0026534063198959106,-0.009639608642216382
-0.018169820549671256,0.032693569169391215,-0.010692349148365279
-0.026180803733564177,0.006661585462320581,0.024571166792390013
0.022940664672337744,-0.004847070042525752,0.013668586991567205
0.010315484845310866,-0.005636225378310882,-0.004443144464915208
-0.00033377006365682596,-0.031063816173933143,-0.01064176751495915
0.004699529394797304,0.01786219554294318,0.010011229445442566
-0.016382335709475646,-0.0013567439402560407,-0.008578023258013639
0.037186279694252394,-0.0034095982718125133,-0.006061166784328828
0.0024383177296284126,0.06406215135689722,-0.03726657109787456
0.002140921919073394,0.006175058167313725,0.007066471035900972
0.011386499358480384,-0.014835821001903686,-0.011722590269207777
0.007715138476050698,-0.008327151924110866,-0.026076786275795325
0.0038582603641869706,0.023168914183935095,0.0007979251738213251
-0.011357116831679679,0.002465408210755289,-0.00010020477797961541
0.007572025357039935,-0.028565559566347334,-0.049231736138016534
0.028730367447125503,0.01858457869150407,0.05132813124865132
0.020681300692324666,-0.013162881710779879,-0.006921059976955855
0.02439779939959096,0.03766595552435091,-0.015582320514105274
-0.007168235146467778,0.02180096131429297,-0.03865400598775828
-0.014344072303878713,-0.008746437913175021,0.007053701571715096
-0.0013868038014947222,0.025820327234702255,-0.01849560287747
0.001335873684330419,0.0015571102105480662,-0.0024364105866927998
0.016912872777064228,0.017255473502444395,-0.017311111889878546
-0.02488696944572229,0.009894656345889496,-0.015770131801412377
0.023443254791909205,-0.016727133099817472,0.00618504408491407
-0.0018701184786848412,-0.012670996646349238,0.028158508303827275
-0.0059032160492113,0.020799216351623226,0.004631673116797659
-0.014681565628902516,-0.006495506642130817,-0.00811531712024775
-0.024322850077986544,-0.007872969264839935,-0.0338910541109538
0.012847558759428718,-0.01890245158698706,-0.02610783733040812
0.0015997695078260583,0.008671981311869222,-0.016588922134093638
-0.018849413496115807,0.0414504983848629,-0.029077798308862212
-0.01892618158095424,-0.021150658285085458,0.037607755297929875
-0.004536770489351923,0.0006843891334551614,0.002673287045787437
0.025535322879340894,0.028444411108308584,-0.0018810356741304503
-0.0033938702704540717,-0.001392827824914304,-0.0016941370413757636
-0.02204714429677159,0.009247435924994685,-0.002814824978035954
-0.0031861459612891607,-0.021047870562937596,0.0037252261477874506
-0.003590853546215053,0.008766141944152973,-0.018890987543641036
-0.03995329964412357,-0.003542885300090976,0.008961194441718383
-0.0003144229977671831,0.01991459991359726,0.018718995545746884
-0.002964017953130169,0.02394772103129502,-0.020139995292588773
0.010943095472201275,0.05199127284037227,0.01747329130635023
0.028234341424180177,0.011792663464271514,0.008673862111168497
0.01739847544321636,0.00671592633164333,-0.004441761829273305
-0.0035333303583224575,0.00408768603154672,-0.04171033958519691
-0.016097888631125053,-0.006863325856213767,0.029692941941255546
0.039100397048747904,0.006969676869233823,-0.031969467470596535
0.0013882765102173238,-0.005708028202780589,0.018628024649949657
0.0007089393786941931,0.003569219525392286,-0.0035475351918532456
0.00013812369334995086,0.026551950712159194,-0.032559646500581726
0.00347127141151783,-0.019930851305592825,-0.024861918431608777
-0.0016654061788591412,0.02299757122258091,-0.0004959718101663734
-0.008104930103203544,0.026542301346797307,0.02000512309212359
-0.007702884118605882,-0.0021613705398215747,0.0787637548311563
8.700946760024226e-06,-0.04223709798017189,-0.024996411060019836
-0.0076513715670064745,-0.01195643974188865,-0.0016286900896903295
-0.010192686740157464,0.026139890931222185,0.005574849034302476
0.0020964534153784524,-0.00025736124597764245,-0.029122415046120894
-0.003324658261312828,-0.019786044645898216,0.0033976701842491895
0.023059894828740324,-0.009895498424564348,-0.0018385838780001673
-0.03926454712589518,0.017012400530091062,0.011371918571554054
0.016872602778836926,0.011134671364027586,0.025069175321442264
0.019191277887464435,-0.00457864198339389,0.02164144925057952
-0.03060085348612224,-0.007136488236293757,-0.004216781436871525
-0.004640313911205231,-0.007635162980876438,0.050304605855809766
-0.005071612989936872,-0.01824820368997005,-0.009200979891815262
-0.020612675420767317,0.032507513789388834,0.016154400135918283
-0.011167250313863128,-0.006246409384226798,-0.019186841738687243
-0.016158637681987432,0.02454317041650993,-0.030341070705850303
0.02678405665135434,0.030626321038449027,-0.009391741672709739
0.014535175897211917,0.02016621796295921,0.007352268832940623
0.01957332642491238,-0.008432406254360968,-0.0017729014686010797
0.011325080960648524,0.00827460180673219,0.007969302066853897
-0.016435776568258436,-0.0002839121278183233,-0.01012712107102872
-0.007367803994196604,-0.017874037214602564,0.04035100632439356
0.00784061841841877,0.00668718563443206,0.019938042691664073
-0.01783191713337918,-0.023380795823196052,-0.03462803040796874
0.01119497645258582,0.023953587769231274,0.035445332410975736
-0.0031048809723720227,-0.009092345945967861,0.01765599442758103
-0.005122312113243958,0.004223193117456786,-0.002884033237689073
0.011164399523052376,0.0058657574309228435,-0.02213293550192295
0.007163949672290598,-0.004978099474081547,0.04654287613502025
-0.004914492487286199,0.011933876029505495,-0.009315558033884775
0.01788994705046372,-0.009298073132450489,-0.0503589212183101
-0.01571594991399846,0.017625945949144885,0.033234883216819666
0.009739034104163956,-0.02671959360493497,0.004627203345860719
0.009396518869525756,0.0027275915909282366,0.003704085913528724
-0.004143196589709854,0.0389785799811657,0.029351563153464436
0.00539199533363177,-0.019806626492111495,-0.0208022780552602
-0.018266703645779547,-0.01335489941049703,0.0022923885625188377
0.014360405288103515,0.0104781569931783,-0.022569913473642053
-0.002273532046644835,0.0037916356387919592,0.04532622319836189
-0.0073408453077855925,0.007212601985471185,-0.050710121039598884
0.01623513838755334,0.009983742602953271,0.005758756874778495
-0.010065155358141389,0.012894429371235399,-0.012681317470605013
-0.020626919445453393,0.022393996839124464,-0.10493549625342675
-0.022849437602858555,0.008396373138570251,0.0008676530953153048
0.009590149270184594,-0.00462515309237085,-0.006034807476015455
-0.018706440287444247,0.013651474024054621,0.003757509619185059
0.02682191272976547,0.0381976386979043,0.045162636746589116
-0.030728941118255828,-0.002452674927651471,-0.01656905749565133
0.025946845524350573,-0.01929058609341283,-0.01837657222357447
0.003665262008039276,0.022341613385739457,0.002930755946281022
-0.0009506966780558858,-0.002207623279071965,-0.004898235230018002
-0.007673786302134242,-0.04325339092028072,-0.0007105032461564491
0.006487041715281061,0.01714843354300843,0.0488396746284754
-6.452053637272564e-05,-0.010506563719078455,-0.005481417160728846
0.01704952823024783,-0.0016106656460832154,-0.003535454419807249
0.0022134147299305946,0.006839606611380298,0.021921365841564563
0.002754526421928164,0.0040099935955813315,0.06051640657667724
-0.004954183183207838,0.01438903634278079,0.014203790471716786
-0.0003541843558160118,-0.008509727411396868,-0.00104747112963419
0.005117026533380887,0.010462115963521654,0.0057936953482331625
-0.02515252588984938,-0.004990933551678344,0.023816289354732643
-0.019722781331585695,0.01497620961775006,0.007398553697926928
0.011648961410340724,0.012507349680261069,-0.016541850826761885
0.0030629815719191277,-0.018508774040891907,0.005309336909066039
-0.002259750045290187,0.021919642323500643,0.021870599704317487
0.0007765089959808973,-0.01051926890228096,0.006774048544513797
0.005713725580425066,0.016361155965622903,-0.013788238296066168
-0.007596395204640422,0.0075457462680268116,0.009077952432161675
-0.01117457088103469,0.03696367353590245,-0.023953305278189566
0.003437678826465223,-0.004269319647437043,-0.0026633018132348014
-0.01417559166422548,-0.00678633592236395,-0.0053808899255574985
0.006623791335717077,-0.0001883921177546517,-0.006819410851826596
-0.025038754063567606,-0.005863595656685501,0.019034580598197764
0.015937334559884653,0.016198838038841,-0.0039899301828178685
0.007588962236195645,-0.03212621216873176,-0.011206836993287938
0.004340446014708134,-0.020873648382927087,-0.006869241639480505
0.015240364759182707,-0.02115605843158386,0.008905643464550337
0.02548211666693865,0.019206151839471514,0.003378700410710309
0.015715550975271955,0.03441226745163851,0.012555319656207745
-0.02711311346997468,-0.0018889843707494299,-0.012099228408239914
-0.018693654501035523,-0.0031764344638002128,-0.007565275548918926
-0.008872278665435182,0.0016010432622636274,0.011914602958320076
0.0008913657531625067,0.023437566052163804,-0.010230286252367052
0.008264885307036845,-0.01834706268381148,0.006396245541751496
-0.010386157197301984,0.004967379654695703,-0.012692158954258565
0.003301501467156175,0.01970395259564859,-0.04325915007513097
-0.010830743985299839,0.010221883398796901,0.016594943357256288
-0.008672767044879223,0.003991632331974868,-0.06320582836924636
-0.020599916452723334,0.020220921851342825,-0.02350253141119776
-0.013348498691663564,-0.053864645859984746,0.0026815869103263856
-0.019775269084245005,0.013757506390618153,0.027340006234678266
-0.01413809879465999,-0.012881513662548477,0.03687552602921844
0.016304626949117593,-0.03641265793712914,0.0022850275774320044
-0.013740983332479145,0.010424051990499615,0.0063533251440106185
0.03998573097256086,0.027673170903259155,0.008580050150086518
0.007899768513213338,-0.002548970292553837,0.00791158132281056
0.0032725418554231086,0.019257490944058767,-0.015004417439451145
-0.0123753667027182,0.03244556515977291,0.021589071947571193
0.011004648191134867,0.026498289071680947,0.0031810006403892783
-0.008134567393566609,0.03299929058742786,0.0005123037607712419
0.0023301472196804217,0.015042549821437845,0.023785988319642203
0.038901268074031915,0.001708672778031856,-0.006171249253771564
-0.0009408984958697481,-0.03183931623794337,-0.0015397724033556198
0.017739099894285137,-0.0047212497625989695,-0.014383323892153974
-0.01004764637688831,-0.01666493190632383,-0.026542487475252056
-2.4827357454425442e-05,0.04361885434995628,0.0413909032279899
0.02706200953453265,-0.003317716248646732,-0.013356563887092174
-0.008904505866816511,0.002664096135689714,-0.007963403754254694
0.02768672836995393,0.011229707520809354,-0.013754914457699673
0.01111627903183213,0.0010720489274490745,0.0073705170945806125
-0.007937001638414013,0.03410102080861506,-0.015152916130809135
0.009986116085832813,-0.012252987234689039,0.04735339412944834
0.015088316744400945,0.004092149104744854,0.00047510959923246815
0.009827149433257945,-0.014649411713960966,0.008188487440693459
-0.023053370798356846,-0.026200450224414116,-0.012474927780936658
-0.010407057637373028,-0.01203538181810571,-0.013100595764297365
-0.003212779533272571,-0.0005407359409682404,-0.03335984726663456
-0.0006165014365006942,-0.008386044490345199,-0.02335108351419268
0.00981008146326017,-0.01364841959747712,0.008632796488266838
0.0031655150139988076,-0.02792634927343668,0.012932068375821169
-0.01953016538065152,-0.0014621114525738953,-0.028406087854431803
0.006202967765089448,-0.029894407480620045,-0.060910022463737744
0.009658786179257348,0.015401119273792053,-0.0063276872290004005
0.008896856718965597,0.0018487950586900657,0.021501363857940402
0.016711710883319325,-0.02895102998929861,-0.02674544027226166
0.01300883231823356,-0.005984181540997269,0.00040971884916958745
0.0073877011884265495,-0.014843128111811663,-0.025812404224461218
-0.000552485671879705,0.006583490208383609,-0.023742053733047074
-0.024414414002739863,0.02700900892046289,0.07870576911735538
0.006944273286988788,-0.03730344939291489,0.02470399411100542
0.003615315307446667,0.002500521582948343,-0.013061185388783429
0.004573682557930603,-0.003002655911332807,0.04242694214230989
-0.018651228637304645,0.013626801529009308,0.008889458440979095
-0.015715848106123934,0.004463932564753783,-0.01240345287931814
0.016297292799993552,-0.014839386634776382,0.013012364134495538
-9.332730784982558e-05,-0.006181078713332363,-0.020146683867119656
0.010722510460589366,-0.01572051713606978,0.008534152368176517
0.0009247756419568896,0.021720142771971967,-0.015373514187484913
0.0009463420924361486,0.0006262329734388444,-0.019336811076154044
0.014574257089639966,0.03822381371506015,0.04035707841766442
-0.007240670923260608,-0.0010132162762924155,-0.07256184396243748
0.0019418116541147514,-0.013968135338209255,-0.003433554766583937
-0.006434129330575641,-0.030074287852256545,-0.02797243054057924
-0.006017443411484733,-0.035862793525118904,0.017691829357963776
-0.0041375818520295905,-0.031482718860109796,-0.0070415315110855786
0.003832006574505691,0.005542533020229668,0.012914560457706217
-0.006681229324952156,0.010374500464598677,0.016120124998358826
0.019336341883602812,-0.03142381404064267,-0.03489160603634421
-0.012919109533292557,0.01810076628152231,-0.01566410780873027
-0.0023030746624203855,-0.00946122103366879,-0.03412857634746794
-0.0060959658741126235,0.0031358602397109875,-0.03162017417407592
0.022204668265305993,0.03244441256510849,0.02461020640753078
0.0034483216476736194,0.018136786317310638,-0.014400177902583675
0.015977668092029523,-0.0051706129581166466,0.005066538411064817
-0.02178340559555458,-0.017623844508305748,-0.019135124894305137
0.004505753988038883,-0.0428363080265861,-0.015724311462404005
0.013844461934351555,-0.014183066384848403,-0.024798995778883018
0.0017342598391313629,-0.004022604776553888,0.02506309915907891
0.016482205625980267,-0.019543590543023674,-0.027348782333524252
-0.0072593267515055826,-0.0024251393418460946,-0.019178829780904544
0.021640211602783697,0.0017370376591753643,0.09642148532120111
0.03498347185428875,-0.004297119636161572,-0.005566583614290663
-0.004942578406594886,-0.012800051616469195,0.02515899189731495
-0.0061825378210115765,0.0035730934393345534,0.0018586995524503523
0.022300767156765513,0.00903881299138818,-0.004702653213517411
0.024193582185960686,-0.02160798154885692,0.001845474030990099
-0.007342900407299024,0.028418647594925402,-0.0015348267122114185
-0.005802802256437862,-0.0017717626456852347,0.01148695656840902
-0.0037267691329076107,0.0005769924588969532,0.010529746305899994
-0.019666757665514154,0.014364288465131148,-0.008730805939947388
-0.013279779197262974,0.004864322625270035,0.024402941921613075
-0.014562111501281018,0.019262732678264904,0.0009712287942676269
-0.011016963476561926,0.0059424833040364845,-0.02578773468481641
-2.027331080171654e-05,-0.012048747492808758,0.0035840194419623547
0.004013220988047803,0.007430070504122033,0.03612541980637422
0.023757507392211153,-0.022674524146413237,0.02983597786358657
-0.014475310611081864,0.002371194115530463,0.009755976267951582
0.015264835977148755,-0.00046459981288921596,0.004908205797516083
-0.002709832663382634,-0.0039623371454507944,-0.011206675751018698
-0.000241955644786494,-0.002370750228778615,0.015316138692933209
0.010622292382499052,-0.03743698090995278,0.005271003080138801
-0.016340830323434478,-0.01077449815481923,-0.023455061063972948
0.0062361461927607584,0.002056898022822294,-0.0019436274009923854
0.0029967831231958396,0.0033971278399480076,0.012237665740169624
0.007886768960122232,-0.020353502818519165,0.027664563588847568
0.004837529658617271,0.02551415681729401,0.011840584883587805
0.03732950209866341,-0.017123496964290014,-0.011656273116116032
-0.00906609976376974,0.019589144010534736,-0.0006155294468868236
-0.007464954325027265,0.008743887237433697,-0.0007033179439127901
-0.008847107896371465,-0.012724546196876059,-0.03917873588773504
-0.007832156787403819,0.035706217852190233,0.003180844567410335
-0.009060806909597765,-0.0236727366351296,-0.033066577743055735
0.018335247966613274,0.01858308347220003,0.016240999692595758
0.021807563719847822,0.020211646360859564,-0.01149140854407532
-0.008061194406242143,-0.013212404181532899,0.013443409157033804
-0.01198533359656343,0.028049306001286575,-0.030903219806751384
0.007571233345796061,-0.004800930291979056,0.007317182119391662
-0.007783345664214574,0.005973872585597141,-0.004486372631687752
0.009993977266332667,0.0054064367754244145,-0.02519022599990291
0.0035438453127694955,-0.002486174829410956,0.01489755354530002
-0.02223616172495848,0.01641616546319564,0.034489442149170955
0.023712578019950924,0.01606977441104426,0.003882319100117624
0.027438165096432824,-0.034770639464763616,0.004773051692454792
-0.00869183035726579,0.026286804857563052,0.0059375887927847325
-0.00531552339903976,-0.03304983976071349,-0.01962330840717412
0.004787980860873577,0.020850924086833148,-0.01987588769183035
0.005516851849805377,0.022734102736551666,0.020823402333838923
0.010378164090092457,-0.021619328604303965,0.03387062683363608
0.030653068081495243,-0.008016285759091695,-0.004721645159901644
-0.002154208412410741,-0.021914093369718717,0.014242733983711954
-0.011474458668076806,-0.004098420605774707,0.008443793430704168
-0.02018978842021791,-0.0059606856837148255,0.019983952900159214
-0.010463950599128786,0.015793210645386798,0.023651703666967606
3.0954068930436073e-06,0.026406174922392178,0.014135377328817252
0.027418367952766816,0.028113676215799126,-0.0024753065174561314
-0.0072641694855425714,-0.011043360531566043,0.007339618258613937
0.0038568192745834775,-0.003984437474890555,-0.010745480317327714
0.0002536565589087189,-0.033468763844419,-0.019989313691504463
0.01832589910172126,-0.015917401329923773,0.0101699491119357
0.03840398638810432,0.019497032661949153,0.04113534895552708
-0.007463031593804809,0.032511656470964635,-0.05587297012331827
-0.006841591637773332,-0.02448697743759844,-0.023423337891746877
0.01616241315603608,-0.011649285183057885,-0.002589655260348475
0.01072837234439467,-0.00032811513917853987,0.005638857755627368
0.028200609886040503,0.005803223176392127,0.01699776492675694
0.009258922779889458,-0.015992070398432923,0.026824085870281907
-0.0048893813618058925,0.008681220889281794,-0.005550290211158127
0.009359822460384639,-0.009276786941418322,-0.030123271777672562
0.017130553708743616,-8.904541756558207e-05,0.013369391246770692
0.012807232717960464,0.011125684960073991,0.011723658673262038
0.008109110466609467,0.00032844539621875634,0.016227395351474348
0.01650012034383731,-0.008527717810531372,0.011062770183772814
0.01803943385668509,-0.0019921960785166167,-0.0015161140928224418
0.021232384865562906,-0.0015672591841067078,-0.028151448594937987
0.01023064831384464,-0.007200220597642561,0.014733940754952443
-0.002006771204752815,-0.004975921253342047,-0.0033366905748641773
0.0027007052964998423,0.03217294341009434,-0.06957006390598704
0.018597634497625352,0.011418388958824775,-0.010906240640589197
-0.01175403506480854,-0.005709606360583207,-0.002052960485771732
0.006030099633093517,0.014139088090214713,-0.000736734998659535
-0.0054000821849104095,-0.006476389795120199,0.010777660594342356
0.0009311723440222623,0.023662492751732826,-0.011523999934117908
0.01967677793910948,0.007592843843961878,-0.034886710467719045
0.00336648602029855,-0.0019460428800845767,0.007932537631433893
0.001196548222342232,0.009154338516205547,-0.03996761911971505
-0.019897842114698788,-0.031217523041369988,0.03010349186195516
0.01169380349040831,-0.022335349378196107,0.0003867086108163045
0.010182262717116131,-0.02367850012798111,-0.012967278957764443
0.0329488208495819,0.003058861895274135,-0.005664316368618961
-0.004116673524295008,0.034850299989701836,-0.012720328735987479
0.0037872549149590815,0.044826002923852644,-0.006849511472864899
0.004240755255661329,0.012961022028815144,0.006712929360908207
0.024161799196452116,0.01021688949888914,0.02462224084738286
-0.0009294329858042814,-0.03582115468305478,0.014935754386337232
0.0046853228865550885,-0.010653475994680434,0.05234515797707707
0.009618447645748087,-0.015555675038164778,0.007181021316533142
0.0032991368473453716,-0.012216951965022321,-0.0015305061326287587
-0.006196504218257924,-0.003162876371695791,0.015147413791878402
0.0034113498934746135,-0.009241811553942544,-0.047568743146229116
0.01660447624789658,-0.039385996207515754,-0.006552910652715237
-0.014897729491165903,0.015158205122350676,-0.012567633645695383
0.00249454511220314,-0.02125486051479613,-0.04400806813947217
-0.010001812224087598,0.004984937282222991,0.02030367021578807
0.018425699433872636,0.04168165339499947,-0.0064194549657604644
-0.02234780357175662,-0.01818769183172847,0.0005083021048934123
-0.007883827709073825,-0.050405750454926596,0.027077756022623738
0.006158178125967813,-0.005520084437602216,-0.014694823625457635
0.023982860438515104,0.022219192699971423,-0.016059077420463412
-0.00048625391609481694,0.03936694908441188,0.020829102787069752
-0.007827992900397974,-0.02439099188904834,0.03361987916386052
0.028717356041608848,0.010133984464730435,-0.0032196593780508247
-0.02122020850624366,-0.009106209135601067,-0.03163666848819565
-0.032482089349301226,-0.0019189670860827132,-0.014733767466718884
0.007100216750799986,0.0530868669403407,-0.00031312110962398407
-0.007030813365289167,-0.029859406567903066,-0.00304679319716376
-0.014818492256960698,0.0052747932298914686,0.02031831043980247
0.0111253467094903,0.009553863435308663,0.002539060739428366
0.004157010706567982,0.021915726498786942,-0.02094660020009386
-0.007961179461050925,0.002159663069417909,0.010803332650154667
-0.018704565980063415,0.0063610107900820435,-0.0022412673234525732
0.01358685992420217,-0.007632971348435816,-0.04063841331578344
0.010253017669379914,0.005582538824902146,-0.057679907324987116
-0.0009876379566907435,-0.00666384550994821,0.011570349721422811
0.028199554940714987,0.012631437797121017,0.030982010382783788
-0.015551271494892289,-0.00719220672087268,0.012353548250622334
-0.02238287756387108,0.007742007878043729,-0.023643846152352512
-0.009878621048218666,-0.0003852562736995671,-0.044610950850511644
-0.00018379024533246704,0.022721005015443364,0.01579139343779635
0.004150091739840377,-0.0008278744717697249,0.010856694035963173
-0.0031185408678449478,-0.03526064936413763,0.0033229269287355506
0.005780830947714452,0.025438430014279836,0.03331115132128804
-0.018273091362856663,-0.01791464601725238,0.012276248569803963
0.022156469061098895,-0.012875326772976398,-0.0007965893007294623
-0.0007322676758885324,-0.011713225880869843,-0.009388989791650617
0.017259437473821918,0.027688761863416348,-0.006660604817860755
0.005640880195665562,-0.04251348427957392,0.03186190416976501
0.007351298287306758,0.0629549706731999,0.0011280628221185592
0.009046509203483055,0.021321136181321036,0.01675079628882477
0.007215628400259722,0.0046647782825831935,-0.020565876156217074
0.010140841398013158,-0.0008978800123257278,0.00538333221985481
0.02043728795198647,0.005911081497153139,-0.0007376674649578628
0.0034478175455220517,0.01062244856758677,-0.01705083479055579
0.011135056363827684,0.013104311719001146,-0.018422757202765365
-0.0008460354143084007,0.01131208932006897,-0.015091447292174176
0.02210175823174209,0.001991613625104976,0.020021514111179865
-0.009645884530889045,-0.003746768406146522,0.00032740575062133593
0.027514106493662233,-0.002825465673070234,-0.009187075416449992
-0.00010236925966515111,-0.0036981656070536203,-0.016191698210721844
-0.020961626531770722,0.02287540193734129,0.013704082547105338
0.002421566223661839,0.012071134445617238,-0.009145028706068589
-0.009715774862123211,-0.058607772693285605,0.03022049486994541
0.013109653234830864,0.01331801553059522,-0.019419206613031575
-0.009289359689535866,0.004094723894375497,0.003923093504877828
-0.0061927514982216955,-0.00017417512891794833,-0.025512762249727823
-0.027843110964182963,-0.007570369061777717,-0.006916405570730548
-0.00628459478873615,0.02268225439972027,0.012934747279398952
-0.03585818989943435,0.019150529242457158,0.024582624861511315
-0.02325854235228585,-0.015257553356472183,-0.02447879808102242
0.01190621984216446,0.008341045742490703,0.010576113524316078
0.012287002379762482,-0.01923313469082572,-0.005885588346971063
0.006881863426774471,-0.027392363295778606,0.03220835370235566
-0.014004642146938194,-0.012334344491799303,-0.011332786376258393
-0.00021567034212969778,0.017447869447655175,-0.008296574837089137
0.000445961913641474,0.019262500907521733,-0.052807932212479855
-0.016875470337888134,0.01046170840194586,-0.07847154379313268
0.02305097452650726,0.014701915736959944,-0.008049371427235937
0.01366043435863507,0.010523565742299169,-0.0028720971965780296
-0.0028144626074449587,-0.012629631904459045,-0.01580054992651365
0.0009032875849179617,0.008838450893478813,0.005576177457652541
0.003625742119213287,0.01620819050455365,-0.007111720387205159
-0.030126023026364357,0.01528582659627149,0.024599133761464713
-0.003207660737808954,0.02397826742949286,-0.002543999290093251
-0.009729763719966977,0.014366076944021276,-0.0025449263384996037
-0.014524300148423732,0.007228964150831658,-0.02386999360007676
-0.0037165043932893232,0.021603004766328548,0.002618068642259456
0.02746529790274284,-0.00033042518498120144,0.017679097365587423
0.010112642919005148,-0.017437493024554364,-0.005549006281896544
-0.008067684846741951,-0.0030613392788752776,-0.013647585057793343
0.009088741720342379,-0.014698052896128981,-0.011416205060625316
